hpi_type,hpi_flavor,frequency,level,place_name,place_id,yr,month,index_nsa,index_sa
traditional,purchase-only,monthly,USA or Census Division,Pacific Division,DV_PAC,1991,1,100,100
traditional,purchase-only,monthly,USA or Census Division,Pacific Division,DV_PAC,1991,2,100.13,100.56
traditional,purchase-only,monthly,USA or Census Division,Pacific Division,DV_PAC,1991,3,99.96,100.13
traditional,purchase-only,monthly,USA or Census Division,Pacific Division,DV_PAC,1991,4,100.14,100.12
traditional,purchase-only,monthly,USA or Census Division,Pacific Division,DV_PAC,1991,5,100.33,100.1
traditional,purchase-only,monthly,USA or Census Division,Pacific Division,DV_PAC,1991,6,100.44,99.92
traditional,purchase-only,monthly,USA or Census Division,Pacific Division,DV_PAC,1991,7,100.41,99.86
traditional,purchase-only,monthly,USA or Census Division,Pacific Division,DV_PAC,1991,8,100.76,100.02
traditional,purchase-only,monthly,USA or Census Division,Pacific Division,DV_PAC,1991,9,100.24,99.46
traditional,purchase-only,monthly,USA or Census Division,Pacific Division,DV_PAC,1991,10,100.8,100.3
traditional,purchase-only,monthly,USA or Census Division,Pacific Division,DV_PAC,1991,11,100.84,100.62
traditional,purchase-only,monthly,USA or Census Division,Pacific Division,DV_PAC,1991,12,101,100.73
traditional,purchase-only,monthly,USA or Census Division,Pacific Division,DV_PAC,1992,13,100.97,100.97
traditional,purchase-only,monthly,USA or Census Division,Pacific Division,DV_PAC,1992,14,101,101.46
traditional,purchase-only,monthly,USA or Census Division,Pacific Division,DV_PAC,1992,15,100.65,100.83
traditional,purchase-only,monthly,USA or Census Division,Pacific Division,DV_PAC,1992,16,100.42,100.39
traditional,purchase-only,monthly,USA or Census Division,Pacific Division,DV_PAC,1992,17,100.49,100.22
traditional,purchase-only,monthly,USA or Census Division,Pacific Division,DV_PAC,1992,18,100.31,99.75
traditional,purchase-only,monthly,USA or Census Division,Pacific Division,DV_PAC,1992,19,100.61,100.01
traditional,purchase-only,monthly,USA or Census Division,Pacific Division,DV_PAC,1992,20,100.93,100.16
traditional,purchase-only,monthly,USA or Census Division,Pacific Division,DV_PAC,1992,21,100.97,100.2
traditional,purchase-only,monthly,USA or Census Division,Pacific Division,DV_PAC,1992,22,100.06,99.57
traditional,purchase-only,monthly,USA or Census Division,Pacific Division,DV_PAC,1992,23,99.8,99.6
traditional,purchase-only,monthly,USA or Census Division,Pacific Division,DV_PAC,1992,24,99.48,99.24
traditional,purchase-only,monthly,USA or Census Division,Pacific Division,DV_PAC,1993,25,98.64,98.67
traditional,purchase-only,monthly,USA or Census Division,Pacific Division,DV_PAC,1993,26,97.66,98.14
traditional,purchase-only,monthly,USA or Census Division,Pacific Division,DV_PAC,1993,27,98.09,98.25
traditional,purchase-only,monthly,USA or Census Division,Pacific Division,DV_PAC,1993,28,98.34,98.31
traditional,purchase-only,monthly,USA or Census Division,Pacific Division,DV_PAC,1993,29,98.19,97.9
traditional,purchase-only,monthly,USA or Census Division,Pacific Division,DV_PAC,1993,30,98.47,97.88
traditional,purchase-only,monthly,USA or Census Division,Pacific Division,DV_PAC,1993,31,97.53,96.85
traditional,purchase-only,monthly,USA or Census Division,Pacific Division,DV_PAC,1993,32,98.02,97.25
traditional,purchase-only,monthly,USA or Census Division,Pacific Division,DV_PAC,1993,33,97.69,96.97
traditional,purchase-only,monthly,USA or Census Division,Pacific Division,DV_PAC,1993,34,97.7,97.27
traditional,purchase-only,monthly,USA or Census Division,Pacific Division,DV_PAC,1993,35,97,96.85
traditional,purchase-only,monthly,USA or Census Division,Pacific Division,DV_PAC,1993,36,97.01,96.84
traditional,purchase-only,monthly,USA or Census Division,Pacific Division,DV_PAC,1994,37,96.72,96.8
traditional,purchase-only,monthly,USA or Census Division,Pacific Division,DV_PAC,1994,38,96.12,96.63
traditional,purchase-only,monthly,USA or Census Division,Pacific Division,DV_PAC,1994,39,96.42,96.54
traditional,purchase-only,monthly,USA or Census Division,Pacific Division,DV_PAC,1994,40,96.92,96.86
traditional,purchase-only,monthly,USA or Census Division,Pacific Division,DV_PAC,1994,41,96.81,96.43
traditional,purchase-only,monthly,USA or Census Division,Pacific Division,DV_PAC,1994,42,97.18,96.52
traditional,purchase-only,monthly,USA or Census Division,Pacific Division,DV_PAC,1994,43,97.05,96.26
traditional,purchase-only,monthly,USA or Census Division,Pacific Division,DV_PAC,1994,44,96.92,96.11
traditional,purchase-only,monthly,USA or Census Division,Pacific Division,DV_PAC,1994,45,96.95,96.29
traditional,purchase-only,monthly,USA or Census Division,Pacific Division,DV_PAC,1994,46,96.42,96.05
traditional,purchase-only,monthly,USA or Census Division,Pacific Division,DV_PAC,1994,47,95.84,95.73
traditional,purchase-only,monthly,USA or Census Division,Pacific Division,DV_PAC,1994,48,95.99,95.92
traditional,purchase-only,monthly,USA or Census Division,Pacific Division,DV_PAC,1995,49,95.93,96.09
traditional,purchase-only,monthly,USA or Census Division,Pacific Division,DV_PAC,1995,50,96.04,96.59
traditional,purchase-only,monthly,USA or Census Division,Pacific Division,DV_PAC,1995,51,95.61,95.67
traditional,purchase-only,monthly,USA or Census Division,Pacific Division,DV_PAC,1995,52,95.35,95.24
traditional,purchase-only,monthly,USA or Census Division,Pacific Division,DV_PAC,1995,53,96.07,95.58
traditional,purchase-only,monthly,USA or Census Division,Pacific Division,DV_PAC,1995,54,96.08,95.34
traditional,purchase-only,monthly,USA or Census Division,Pacific Division,DV_PAC,1995,55,96.49,95.61
traditional,purchase-only,monthly,USA or Census Division,Pacific Division,DV_PAC,1995,56,96.52,95.69
traditional,purchase-only,monthly,USA or Census Division,Pacific Division,DV_PAC,1995,57,96.03,95.44
traditional,purchase-only,monthly,USA or Census Division,Pacific Division,DV_PAC,1995,58,95.69,95.39
traditional,purchase-only,monthly,USA or Census Division,Pacific Division,DV_PAC,1995,59,95.53,95.47
traditional,purchase-only,monthly,USA or Census Division,Pacific Division,DV_PAC,1995,60,95.41,95.46
traditional,purchase-only,monthly,USA or Census Division,Pacific Division,DV_PAC,1996,61,95.52,95.77
traditional,purchase-only,monthly,USA or Census Division,Pacific Division,DV_PAC,1996,62,95.15,95.7
traditional,purchase-only,monthly,USA or Census Division,Pacific Division,DV_PAC,1996,63,95.69,95.68
traditional,purchase-only,monthly,USA or Census Division,Pacific Division,DV_PAC,1996,64,95.74,95.55
traditional,purchase-only,monthly,USA or Census Division,Pacific Division,DV_PAC,1996,65,96.15,95.54
traditional,purchase-only,monthly,USA or Census Division,Pacific Division,DV_PAC,1996,66,96.46,95.64
traditional,purchase-only,monthly,USA or Census Division,Pacific Division,DV_PAC,1996,67,96.82,95.88
traditional,purchase-only,monthly,USA or Census Division,Pacific Division,DV_PAC,1996,68,96.46,95.62
traditional,purchase-only,monthly,USA or Census Division,Pacific Division,DV_PAC,1996,69,96.26,95.75
traditional,purchase-only,monthly,USA or Census Division,Pacific Division,DV_PAC,1996,70,96.25,96.02
traditional,purchase-only,monthly,USA or Census Division,Pacific Division,DV_PAC,1996,71,96.37,96.33
traditional,purchase-only,monthly,USA or Census Division,Pacific Division,DV_PAC,1996,72,96.38,96.53
traditional,purchase-only,monthly,USA or Census Division,Pacific Division,DV_PAC,1997,73,95.91,96.22
traditional,purchase-only,monthly,USA or Census Division,Pacific Division,DV_PAC,1997,74,95.71,96.23
traditional,purchase-only,monthly,USA or Census Division,Pacific Division,DV_PAC,1997,75,96.93,96.85
traditional,purchase-only,monthly,USA or Census Division,Pacific Division,DV_PAC,1997,76,97.85,97.59
traditional,purchase-only,monthly,USA or Census Division,Pacific Division,DV_PAC,1997,77,98.53,97.78
traditional,purchase-only,monthly,USA or Census Division,Pacific Division,DV_PAC,1997,78,98.79,97.9
traditional,purchase-only,monthly,USA or Census Division,Pacific Division,DV_PAC,1997,79,99.54,98.6
traditional,purchase-only,monthly,USA or Census Division,Pacific Division,DV_PAC,1997,80,99.97,99.15
traditional,purchase-only,monthly,USA or Census Division,Pacific Division,DV_PAC,1997,81,99.96,99.49
traditional,purchase-only,monthly,USA or Census Division,Pacific Division,DV_PAC,1997,82,99.96,99.78
traditional,purchase-only,monthly,USA or Census Division,Pacific Division,DV_PAC,1997,83,100.82,100.81
traditional,purchase-only,monthly,USA or Census Division,Pacific Division,DV_PAC,1997,84,100.76,100.97
traditional,purchase-only,monthly,USA or Census Division,Pacific Division,DV_PAC,1998,85,101.34,101.73
traditional,purchase-only,monthly,USA or Census Division,Pacific Division,DV_PAC,1998,86,102.38,102.89
traditional,purchase-only,monthly,USA or Census Division,Pacific Division,DV_PAC,1998,87,103.5,103.35
traditional,purchase-only,monthly,USA or Census Division,Pacific Division,DV_PAC,1998,88,104.96,104.61
traditional,purchase-only,monthly,USA or Census Division,Pacific Division,DV_PAC,1998,89,106.1,105.2
traditional,purchase-only,monthly,USA or Census Division,Pacific Division,DV_PAC,1998,90,107.19,106.19
traditional,purchase-only,monthly,USA or Census Division,Pacific Division,DV_PAC,1998,91,107.53,106.57
traditional,purchase-only,monthly,USA or Census Division,Pacific Division,DV_PAC,1998,92,108.05,107.21
traditional,purchase-only,monthly,USA or Census Division,Pacific Division,DV_PAC,1998,93,108.37,107.88
traditional,purchase-only,monthly,USA or Census Division,Pacific Division,DV_PAC,1998,94,108.93,108.76
traditional,purchase-only,monthly,USA or Census Division,Pacific Division,DV_PAC,1998,95,109.5,109.51
traditional,purchase-only,monthly,USA or Census Division,Pacific Division,DV_PAC,1998,96,109.38,109.62
traditional,purchase-only,monthly,USA or Census Division,Pacific Division,DV_PAC,1999,97,110.7,111.15
traditional,purchase-only,monthly,USA or Census Division,Pacific Division,DV_PAC,1999,98,111.03,111.52
traditional,purchase-only,monthly,USA or Census Division,Pacific Division,DV_PAC,1999,99,112.69,112.49
traditional,purchase-only,monthly,USA or Census Division,Pacific Division,DV_PAC,1999,100,113.63,113.22
traditional,purchase-only,monthly,USA or Census Division,Pacific Division,DV_PAC,1999,101,114.84,113.85
traditional,purchase-only,monthly,USA or Census Division,Pacific Division,DV_PAC,1999,102,115.85,114.75
traditional,purchase-only,monthly,USA or Census Division,Pacific Division,DV_PAC,1999,103,116.28,115.3
traditional,purchase-only,monthly,USA or Census Division,Pacific Division,DV_PAC,1999,104,117.08,116.21
traditional,purchase-only,monthly,USA or Census Division,Pacific Division,DV_PAC,1999,105,117.5,116.93
traditional,purchase-only,monthly,USA or Census Division,Pacific Division,DV_PAC,1999,106,118.22,118
traditional,purchase-only,monthly,USA or Census Division,Pacific Division,DV_PAC,1999,107,118.73,118.77
traditional,purchase-only,monthly,USA or Census Division,Pacific Division,DV_PAC,1999,108,119.26,119.51
traditional,purchase-only,monthly,USA or Census Division,Pacific Division,DV_PAC,2000,109,121.81,122.33
traditional,purchase-only,monthly,USA or Census Division,Pacific Division,DV_PAC,2000,110,120.83,121.32
traditional,purchase-only,monthly,USA or Census Division,Pacific Division,DV_PAC,2000,111,123.13,122.92
traditional,purchase-only,monthly,USA or Census Division,Pacific Division,DV_PAC,2000,112,124.24,123.8
traditional,purchase-only,monthly,USA or Census Division,Pacific Division,DV_PAC,2000,113,125.95,124.87
traditional,purchase-only,monthly,USA or Census Division,Pacific Division,DV_PAC,2000,114,127.11,125.91
traditional,purchase-only,monthly,USA or Census Division,Pacific Division,DV_PAC,2000,115,127.98,126.93
traditional,purchase-only,monthly,USA or Census Division,Pacific Division,DV_PAC,2000,116,129.04,128.06
traditional,purchase-only,monthly,USA or Census Division,Pacific Division,DV_PAC,2000,117,130.02,129.32
traditional,purchase-only,monthly,USA or Census Division,Pacific Division,DV_PAC,2000,118,131.15,130.85
traditional,purchase-only,monthly,USA or Census Division,Pacific Division,DV_PAC,2000,119,132.35,132.41
traditional,purchase-only,monthly,USA or Census Division,Pacific Division,DV_PAC,2000,120,133.31,133.58
traditional,purchase-only,monthly,USA or Census Division,Pacific Division,DV_PAC,2001,121,134.14,134.77
traditional,purchase-only,monthly,USA or Census Division,Pacific Division,DV_PAC,2001,122,135.79,136.33
traditional,purchase-only,monthly,USA or Census Division,Pacific Division,DV_PAC,2001,123,137.7,137.55
traditional,purchase-only,monthly,USA or Census Division,Pacific Division,DV_PAC,2001,124,138.92,138.52
traditional,purchase-only,monthly,USA or Census Division,Pacific Division,DV_PAC,2001,125,140.46,139.32
traditional,purchase-only,monthly,USA or Census Division,Pacific Division,DV_PAC,2001,126,141.4,140.08
traditional,purchase-only,monthly,USA or Census Division,Pacific Division,DV_PAC,2001,127,142.14,140.89
traditional,purchase-only,monthly,USA or Census Division,Pacific Division,DV_PAC,2001,128,143.06,141.91
traditional,purchase-only,monthly,USA or Census Division,Pacific Division,DV_PAC,2001,129,144.14,143.25
traditional,purchase-only,monthly,USA or Census Division,Pacific Division,DV_PAC,2001,130,144.46,144.03
traditional,purchase-only,monthly,USA or Census Division,Pacific Division,DV_PAC,2001,131,144.65,144.69
traditional,purchase-only,monthly,USA or Census Division,Pacific Division,DV_PAC,2001,132,146.12,146.41
traditional,purchase-only,monthly,USA or Census Division,Pacific Division,DV_PAC,2002,133,147.03,147.87
traditional,purchase-only,monthly,USA or Census Division,Pacific Division,DV_PAC,2002,134,148.43,149.04
traditional,purchase-only,monthly,USA or Census Division,Pacific Division,DV_PAC,2002,135,150.84,150.82
traditional,purchase-only,monthly,USA or Census Division,Pacific Division,DV_PAC,2002,136,152.65,152.3
traditional,purchase-only,monthly,USA or Census Division,Pacific Division,DV_PAC,2002,137,155.75,154.52
traditional,purchase-only,monthly,USA or Census Division,Pacific Division,DV_PAC,2002,138,157.99,156.52
traditional,purchase-only,monthly,USA or Census Division,Pacific Division,DV_PAC,2002,139,160.12,158.57
traditional,purchase-only,monthly,USA or Census Division,Pacific Division,DV_PAC,2002,140,161.77,160.35
traditional,purchase-only,monthly,USA or Census Division,Pacific Division,DV_PAC,2002,141,162.8,161.61
traditional,purchase-only,monthly,USA or Census Division,Pacific Division,DV_PAC,2002,142,164.52,163.98
traditional,purchase-only,monthly,USA or Census Division,Pacific Division,DV_PAC,2002,143,165.08,165.09
traditional,purchase-only,monthly,USA or Census Division,Pacific Division,DV_PAC,2002,144,166.44,166.78
traditional,purchase-only,monthly,USA or Census Division,Pacific Division,DV_PAC,2003,145,167.85,169.07
traditional,purchase-only,monthly,USA or Census Division,Pacific Division,DV_PAC,2003,146,170.11,170.79
traditional,purchase-only,monthly,USA or Census Division,Pacific Division,DV_PAC,2003,147,171.95,172.11
traditional,purchase-only,monthly,USA or Census Division,Pacific Division,DV_PAC,2003,148,174.65,174.35
traditional,purchase-only,monthly,USA or Census Division,Pacific Division,DV_PAC,2003,149,177.17,175.76
traditional,purchase-only,monthly,USA or Census Division,Pacific Division,DV_PAC,2003,150,178.66,176.91
traditional,purchase-only,monthly,USA or Census Division,Pacific Division,DV_PAC,2003,151,181.3,179.34
traditional,purchase-only,monthly,USA or Census Division,Pacific Division,DV_PAC,2003,152,184.05,182.31
traditional,purchase-only,monthly,USA or Census Division,Pacific Division,DV_PAC,2003,153,186.31,184.76
traditional,purchase-only,monthly,USA or Census Division,Pacific Division,DV_PAC,2003,154,188.71,188.09
traditional,purchase-only,monthly,USA or Census Division,Pacific Division,DV_PAC,2003,155,191,190.98
traditional,purchase-only,monthly,USA or Census Division,Pacific Division,DV_PAC,2003,156,193.42,193.92
traditional,purchase-only,monthly,USA or Census Division,Pacific Division,DV_PAC,2004,157,195.34,197.06
traditional,purchase-only,monthly,USA or Census Division,Pacific Division,DV_PAC,2004,158,198.17,198.91
traditional,purchase-only,monthly,USA or Census Division,Pacific Division,DV_PAC,2004,159,202.59,202.98
traditional,purchase-only,monthly,USA or Census Division,Pacific Division,DV_PAC,2004,160,206.15,205.79
traditional,purchase-only,monthly,USA or Census Division,Pacific Division,DV_PAC,2004,161,212.35,210.63
traditional,purchase-only,monthly,USA or Census Division,Pacific Division,DV_PAC,2004,162,217.69,215.49
traditional,purchase-only,monthly,USA or Census Division,Pacific Division,DV_PAC,2004,163,221.89,219.26
traditional,purchase-only,monthly,USA or Census Division,Pacific Division,DV_PAC,2004,164,224.59,222.42
traditional,purchase-only,monthly,USA or Census Division,Pacific Division,DV_PAC,2004,165,227.68,225.6
traditional,purchase-only,monthly,USA or Census Division,Pacific Division,DV_PAC,2004,166,229.12,228.44
traditional,purchase-only,monthly,USA or Census Division,Pacific Division,DV_PAC,2004,167,232.98,232.97
traditional,purchase-only,monthly,USA or Census Division,Pacific Division,DV_PAC,2004,168,236.4,237.22
traditional,purchase-only,monthly,USA or Census Division,Pacific Division,DV_PAC,2005,169,236.82,239.16
traditional,purchase-only,monthly,USA or Census Division,Pacific Division,DV_PAC,2005,170,242.26,243.03
traditional,purchase-only,monthly,USA or Census Division,Pacific Division,DV_PAC,2005,171,247.19,247.94
traditional,purchase-only,monthly,USA or Census Division,Pacific Division,DV_PAC,2005,172,252.08,251.63
traditional,purchase-only,monthly,USA or Census Division,Pacific Division,DV_PAC,2005,173,258.19,256.1
traditional,purchase-only,monthly,USA or Census Division,Pacific Division,DV_PAC,2005,174,262.28,259.46
traditional,purchase-only,monthly,USA or Census Division,Pacific Division,DV_PAC,2005,175,266.92,263.5
traditional,purchase-only,monthly,USA or Census Division,Pacific Division,DV_PAC,2005,176,270.21,267.58
traditional,purchase-only,monthly,USA or Census Division,Pacific Division,DV_PAC,2005,177,274.42,271.79
traditional,purchase-only,monthly,USA or Census Division,Pacific Division,DV_PAC,2005,178,273.85,273.05
traditional,purchase-only,monthly,USA or Census Division,Pacific Division,DV_PAC,2005,179,274.21,274.29
traditional,purchase-only,monthly,USA or Census Division,Pacific Division,DV_PAC,2005,180,276.75,277.97
traditional,purchase-only,monthly,USA or Census Division,Pacific Division,DV_PAC,2006,181,275.64,278.57
traditional,purchase-only,monthly,USA or Census Division,Pacific Division,DV_PAC,2006,182,279.9,280.61
traditional,purchase-only,monthly,USA or Census Division,Pacific Division,DV_PAC,2006,183,279.75,280.8
traditional,purchase-only,monthly,USA or Census Division,Pacific Division,DV_PAC,2006,184,281.29,280.76
traditional,purchase-only,monthly,USA or Census Division,Pacific Division,DV_PAC,2006,185,283.42,281.26
traditional,purchase-only,monthly,USA or Census Division,Pacific Division,DV_PAC,2006,186,283.56,280.41
traditional,purchase-only,monthly,USA or Census Division,Pacific Division,DV_PAC,2006,187,282.45,278.6
traditional,purchase-only,monthly,USA or Census Division,Pacific Division,DV_PAC,2006,188,281.4,278.64
traditional,purchase-only,monthly,USA or Census Division,Pacific Division,DV_PAC,2006,189,280.01,277.26
traditional,purchase-only,monthly,USA or Census Division,Pacific Division,DV_PAC,2006,190,276.09,275.15
traditional,purchase-only,monthly,USA or Census Division,Pacific Division,DV_PAC,2006,191,276.05,276.23
traditional,purchase-only,monthly,USA or Census Division,Pacific Division,DV_PAC,2006,192,274.11,275.54
traditional,purchase-only,monthly,USA or Census Division,Pacific Division,DV_PAC,2007,193,274.02,277.11
traditional,purchase-only,monthly,USA or Census Division,Pacific Division,DV_PAC,2007,194,273.34,273.92
traditional,purchase-only,monthly,USA or Census Division,Pacific Division,DV_PAC,2007,195,277.33,278.55
traditional,purchase-only,monthly,USA or Census Division,Pacific Division,DV_PAC,2007,196,277.06,276.62
traditional,purchase-only,monthly,USA or Census Division,Pacific Division,DV_PAC,2007,197,274.71,272.73
traditional,purchase-only,monthly,USA or Census Division,Pacific Division,DV_PAC,2007,198,272.55,269.35
traditional,purchase-only,monthly,USA or Census Division,Pacific Division,DV_PAC,2007,199,270.58,266.7
traditional,purchase-only,monthly,USA or Census Division,Pacific Division,DV_PAC,2007,200,263.43,260.7
traditional,purchase-only,monthly,USA or Census Division,Pacific Division,DV_PAC,2007,201,260.58,257.98
traditional,purchase-only,monthly,USA or Census Division,Pacific Division,DV_PAC,2007,202,254.03,252.92
traditional,purchase-only,monthly,USA or Census Division,Pacific Division,DV_PAC,2007,203,247.57,247.74
traditional,purchase-only,monthly,USA or Census Division,Pacific Division,DV_PAC,2007,204,241.57,242.96
traditional,purchase-only,monthly,USA or Census Division,Pacific Division,DV_PAC,2008,205,236.33,239.1
traditional,purchase-only,monthly,USA or Census Division,Pacific Division,DV_PAC,2008,206,232.04,232.63
traditional,purchase-only,monthly,USA or Census Division,Pacific Division,DV_PAC,2008,207,224.49,225.47
traditional,purchase-only,monthly,USA or Census Division,Pacific Division,DV_PAC,2008,208,221,220.62
traditional,purchase-only,monthly,USA or Census Division,Pacific Division,DV_PAC,2008,209,216.91,215.35
traditional,purchase-only,monthly,USA or Census Division,Pacific Division,DV_PAC,2008,210,214.64,212.01
traditional,purchase-only,monthly,USA or Census Division,Pacific Division,DV_PAC,2008,211,210.55,207.3
traditional,purchase-only,monthly,USA or Census Division,Pacific Division,DV_PAC,2008,212,205.67,203.42
traditional,purchase-only,monthly,USA or Census Division,Pacific Division,DV_PAC,2008,213,201.59,199.46
traditional,purchase-only,monthly,USA or Census Division,Pacific Division,DV_PAC,2008,214,197.9,196.78
traditional,purchase-only,monthly,USA or Census Division,Pacific Division,DV_PAC,2008,215,192.38,192.36
traditional,purchase-only,monthly,USA or Census Division,Pacific Division,DV_PAC,2008,216,189.95,191.14
traditional,purchase-only,monthly,USA or Census Division,Pacific Division,DV_PAC,2009,217,186.65,188.95
traditional,purchase-only,monthly,USA or Census Division,Pacific Division,DV_PAC,2009,218,187.94,188.66
traditional,purchase-only,monthly,USA or Census Division,Pacific Division,DV_PAC,2009,219,185.5,186.37
traditional,purchase-only,monthly,USA or Census Division,Pacific Division,DV_PAC,2009,220,184.73,184.5
traditional,purchase-only,monthly,USA or Census Division,Pacific Division,DV_PAC,2009,221,185.19,183.82
traditional,purchase-only,monthly,USA or Census Division,Pacific Division,DV_PAC,2009,222,187.44,184.98
traditional,purchase-only,monthly,USA or Census Division,Pacific Division,DV_PAC,2009,223,187.92,184.86
traditional,purchase-only,monthly,USA or Census Division,Pacific Division,DV_PAC,2009,224,188.57,186.43
traditional,purchase-only,monthly,USA or Census Division,Pacific Division,DV_PAC,2009,225,187.6,185.58
traditional,purchase-only,monthly,USA or Census Division,Pacific Division,DV_PAC,2009,226,188.34,187.12
traditional,purchase-only,monthly,USA or Census Division,Pacific Division,DV_PAC,2009,227,189.41,189.3
traditional,purchase-only,monthly,USA or Census Division,Pacific Division,DV_PAC,2009,228,185.64,186.84
traditional,purchase-only,monthly,USA or Census Division,Pacific Division,DV_PAC,2010,229,183.34,185.75
traditional,purchase-only,monthly,USA or Census Division,Pacific Division,DV_PAC,2010,230,185.59,186.76
traditional,purchase-only,monthly,USA or Census Division,Pacific Division,DV_PAC,2010,231,185.65,186.48
traditional,purchase-only,monthly,USA or Census Division,Pacific Division,DV_PAC,2010,232,187.01,186.8
traditional,purchase-only,monthly,USA or Census Division,Pacific Division,DV_PAC,2010,233,189.11,187.57
traditional,purchase-only,monthly,USA or Census Division,Pacific Division,DV_PAC,2010,234,185.77,183.21
traditional,purchase-only,monthly,USA or Census Division,Pacific Division,DV_PAC,2010,235,186.09,182.92
traditional,purchase-only,monthly,USA or Census Division,Pacific Division,DV_PAC,2010,236,183.56,181.41
traditional,purchase-only,monthly,USA or Census Division,Pacific Division,DV_PAC,2010,237,182.4,180.42
traditional,purchase-only,monthly,USA or Census Division,Pacific Division,DV_PAC,2010,238,179.69,178.47
traditional,purchase-only,monthly,USA or Census Division,Pacific Division,DV_PAC,2010,239,178.63,178.5
traditional,purchase-only,monthly,USA or Census Division,Pacific Division,DV_PAC,2010,240,176.01,177.23
traditional,purchase-only,monthly,USA or Census Division,Pacific Division,DV_PAC,2011,241,172.18,174.63
traditional,purchase-only,monthly,USA or Census Division,Pacific Division,DV_PAC,2011,242,172.12,173.58
traditional,purchase-only,monthly,USA or Census Division,Pacific Division,DV_PAC,2011,243,171.27,171.93
traditional,purchase-only,monthly,USA or Census Division,Pacific Division,DV_PAC,2011,244,171.37,171.07
traditional,purchase-only,monthly,USA or Census Division,Pacific Division,DV_PAC,2011,245,171.42,169.73
traditional,purchase-only,monthly,USA or Census Division,Pacific Division,DV_PAC,2011,246,171.62,169.04
traditional,purchase-only,monthly,USA or Census Division,Pacific Division,DV_PAC,2011,247,172.95,169.87
traditional,purchase-only,monthly,USA or Census Division,Pacific Division,DV_PAC,2011,248,171.05,168.91
traditional,purchase-only,monthly,USA or Census Division,Pacific Division,DV_PAC,2011,249,171.52,169.67
traditional,purchase-only,monthly,USA or Census Division,Pacific Division,DV_PAC,2011,250,170.14,169.05
traditional,purchase-only,monthly,USA or Census Division,Pacific Division,DV_PAC,2011,251,169.59,169.47
traditional,purchase-only,monthly,USA or Census Division,Pacific Division,DV_PAC,2011,252,167.98,169.17
traditional,purchase-only,monthly,USA or Census Division,Pacific Division,DV_PAC,2012,253,167.34,169.75
traditional,purchase-only,monthly,USA or Census Division,Pacific Division,DV_PAC,2012,254,168.24,169.93
traditional,purchase-only,monthly,USA or Census Division,Pacific Division,DV_PAC,2012,255,171.47,171.94
traditional,purchase-only,monthly,USA or Census Division,Pacific Division,DV_PAC,2012,256,173.77,173.2
traditional,purchase-only,monthly,USA or Census Division,Pacific Division,DV_PAC,2012,257,177.17,175.12
traditional,purchase-only,monthly,USA or Census Division,Pacific Division,DV_PAC,2012,258,179.82,177
traditional,purchase-only,monthly,USA or Census Division,Pacific Division,DV_PAC,2012,259,179.48,176.17
traditional,purchase-only,monthly,USA or Census Division,Pacific Division,DV_PAC,2012,260,183.3,180.99
traditional,purchase-only,monthly,USA or Census Division,Pacific Division,DV_PAC,2012,261,182.35,180.54
traditional,purchase-only,monthly,USA or Census Division,Pacific Division,DV_PAC,2012,262,185.17,184.2
traditional,purchase-only,monthly,USA or Census Division,Pacific Division,DV_PAC,2012,263,186.17,186.17
traditional,purchase-only,monthly,USA or Census Division,Pacific Division,DV_PAC,2012,264,187.36,188.8
traditional,purchase-only,monthly,USA or Census Division,Pacific Division,DV_PAC,2013,265,189.22,191.93
traditional,purchase-only,monthly,USA or Census Division,Pacific Division,DV_PAC,2013,266,191.21,193.28
traditional,purchase-only,monthly,USA or Census Division,Pacific Division,DV_PAC,2013,267,196.6,196.92
traditional,purchase-only,monthly,USA or Census Division,Pacific Division,DV_PAC,2013,268,201.06,200.09
traditional,purchase-only,monthly,USA or Census Division,Pacific Division,DV_PAC,2013,269,205.7,203.11
traditional,purchase-only,monthly,USA or Census Division,Pacific Division,DV_PAC,2013,270,209.19,205.83
traditional,purchase-only,monthly,USA or Census Division,Pacific Division,DV_PAC,2013,271,212.88,208.96
traditional,purchase-only,monthly,USA or Census Division,Pacific Division,DV_PAC,2013,272,212.95,210.33
traditional,purchase-only,monthly,USA or Census Division,Pacific Division,DV_PAC,2013,273,214.24,212.44
traditional,purchase-only,monthly,USA or Census Division,Pacific Division,DV_PAC,2013,274,214.31,213.49
traditional,purchase-only,monthly,USA or Census Division,Pacific Division,DV_PAC,2013,275,213.76,213.98
traditional,purchase-only,monthly,USA or Census Division,Pacific Division,DV_PAC,2013,276,213.55,215.2
traditional,purchase-only,monthly,USA or Census Division,Pacific Division,DV_PAC,2014,277,213.73,216.64
traditional,purchase-only,monthly,USA or Census Division,Pacific Division,DV_PAC,2014,278,216.63,218.83
traditional,purchase-only,monthly,USA or Census Division,Pacific Division,DV_PAC,2014,279,219.61,219.63
traditional,purchase-only,monthly,USA or Census Division,Pacific Division,DV_PAC,2014,280,222.24,220.8
traditional,purchase-only,monthly,USA or Census Division,Pacific Division,DV_PAC,2014,281,224.47,221.45
traditional,purchase-only,monthly,USA or Census Division,Pacific Division,DV_PAC,2014,282,226.74,223.11
traditional,purchase-only,monthly,USA or Census Division,Pacific Division,DV_PAC,2014,283,228.6,224.5
traditional,purchase-only,monthly,USA or Census Division,Pacific Division,DV_PAC,2014,284,229.1,226.37
traditional,purchase-only,monthly,USA or Census Division,Pacific Division,DV_PAC,2014,285,227.85,226.22
traditional,purchase-only,monthly,USA or Census Division,Pacific Division,DV_PAC,2014,286,228.62,228
traditional,purchase-only,monthly,USA or Census Division,Pacific Division,DV_PAC,2014,287,228.92,229.31
traditional,purchase-only,monthly,USA or Census Division,Pacific Division,DV_PAC,2014,288,229.5,231.28
traditional,purchase-only,monthly,USA or Census Division,Pacific Division,DV_PAC,2015,289,230.08,233.02
traditional,purchase-only,monthly,USA or Census Division,Pacific Division,DV_PAC,2015,290,231.99,233.93
traditional,purchase-only,monthly,USA or Census Division,Pacific Division,DV_PAC,2015,291,235.58,235.23
traditional,purchase-only,monthly,USA or Census Division,Pacific Division,DV_PAC,2015,292,238.93,237.03
traditional,purchase-only,monthly,USA or Census Division,Pacific Division,DV_PAC,2015,293,241.73,238.37
traditional,purchase-only,monthly,USA or Census Division,Pacific Division,DV_PAC,2015,294,243.26,239.47
traditional,purchase-only,monthly,USA or Census Division,Pacific Division,DV_PAC,2015,295,245.52,241.45
traditional,purchase-only,monthly,USA or Census Division,Pacific Division,DV_PAC,2015,296,245.09,242.35
traditional,purchase-only,monthly,USA or Census Division,Pacific Division,DV_PAC,2015,297,245.12,243.65
traditional,purchase-only,monthly,USA or Census Division,Pacific Division,DV_PAC,2015,298,246.28,245.87
traditional,purchase-only,monthly,USA or Census Division,Pacific Division,DV_PAC,2015,299,248.16,248.67
traditional,purchase-only,monthly,USA or Census Division,Pacific Division,DV_PAC,2015,300,248.09,249.96
traditional,purchase-only,monthly,USA or Census Division,Pacific Division,DV_PAC,2016,301,246.98,249.88
traditional,purchase-only,monthly,USA or Census Division,Pacific Division,DV_PAC,2016,302,251.32,252.94
traditional,purchase-only,monthly,USA or Census Division,Pacific Division,DV_PAC,2016,303,255.27,254.52
traditional,purchase-only,monthly,USA or Census Division,Pacific Division,DV_PAC,2016,304,258.62,256.26
traditional,purchase-only,monthly,USA or Census Division,Pacific Division,DV_PAC,2016,305,260.53,256.86
traditional,purchase-only,monthly,USA or Census Division,Pacific Division,DV_PAC,2016,306,261.98,258.1
traditional,purchase-only,monthly,USA or Census Division,Pacific Division,DV_PAC,2016,307,263.87,259.88
traditional,purchase-only,monthly,USA or Census Division,Pacific Division,DV_PAC,2016,308,263.78,261.09
traditional,purchase-only,monthly,USA or Census Division,Pacific Division,DV_PAC,2016,309,265.35,263.93
traditional,purchase-only,monthly,USA or Census Division,Pacific Division,DV_PAC,2016,310,265.21,264.94
traditional,purchase-only,monthly,USA or Census Division,Pacific Division,DV_PAC,2016,311,266.65,267.22
traditional,purchase-only,monthly,USA or Census Division,Pacific Division,DV_PAC,2016,312,267.1,269.09
traditional,purchase-only,monthly,USA or Census Division,Pacific Division,DV_PAC,2017,313,267.42,270.23
traditional,purchase-only,monthly,USA or Census Division,Pacific Division,DV_PAC,2017,314,270.26,271.47
traditional,purchase-only,monthly,USA or Census Division,Pacific Division,DV_PAC,2017,315,275.2,273.99
traditional,purchase-only,monthly,USA or Census Division,Pacific Division,DV_PAC,2017,316,278.79,275.97
traditional,purchase-only,monthly,USA or Census Division,Pacific Division,DV_PAC,2017,317,282.57,278.58
traditional,purchase-only,monthly,USA or Census Division,Pacific Division,DV_PAC,2017,318,284.11,280.19
traditional,purchase-only,monthly,USA or Census Division,Pacific Division,DV_PAC,2017,319,284.96,281.16
traditional,purchase-only,monthly,USA or Census Division,Pacific Division,DV_PAC,2017,320,287.14,284.46
traditional,purchase-only,monthly,USA or Census Division,Pacific Division,DV_PAC,2017,321,288.47,287.02
traditional,purchase-only,monthly,USA or Census Division,Pacific Division,DV_PAC,2017,322,286.85,286.59
traditional,purchase-only,monthly,USA or Census Division,Pacific Division,DV_PAC,2017,323,289.37,290
traditional,purchase-only,monthly,USA or Census Division,Pacific Division,DV_PAC,2017,324,288.91,291.12
traditional,purchase-only,monthly,USA or Census Division,Pacific Division,DV_PAC,2018,325,290.65,293.47
traditional,purchase-only,monthly,USA or Census Division,Pacific Division,DV_PAC,2018,326,295.86,296.72
traditional,purchase-only,monthly,USA or Census Division,Pacific Division,DV_PAC,2018,327,298.21,296.6
traditional,purchase-only,monthly,USA or Census Division,Pacific Division,DV_PAC,2018,328,300.87,297.57
traditional,purchase-only,monthly,USA or Census Division,Pacific Division,DV_PAC,2018,329,302.66,298.22
traditional,purchase-only,monthly,USA or Census Division,Pacific Division,DV_PAC,2018,330,304.2,300.18
traditional,purchase-only,monthly,USA or Census Division,Pacific Division,DV_PAC,2018,331,304.7,301.11
traditional,purchase-only,monthly,USA or Census Division,Pacific Division,DV_PAC,2018,332,306.29,303.58
traditional,purchase-only,monthly,USA or Census Division,Pacific Division,DV_PAC,2018,333,304.89,303.47
traditional,purchase-only,monthly,USA or Census Division,Pacific Division,DV_PAC,2018,334,304.16,303.92
traditional,purchase-only,monthly,USA or Census Division,Pacific Division,DV_PAC,2018,335,304.14,304.97
traditional,purchase-only,monthly,USA or Census Division,Pacific Division,DV_PAC,2018,336,303.21,305.81
traditional,purchase-only,monthly,USA or Census Division,Pacific Division,DV_PAC,2019,337,304.15,306.98
traditional,purchase-only,monthly,USA or Census Division,Pacific Division,DV_PAC,2019,338,306.68,307.25
traditional,purchase-only,monthly,USA or Census Division,Pacific Division,DV_PAC,2019,339,310.64,308.69
traditional,purchase-only,monthly,USA or Census Division,Pacific Division,DV_PAC,2019,340,314.05,310.23
traditional,purchase-only,monthly,USA or Census Division,Pacific Division,DV_PAC,2019,341,316.49,311.58
traditional,purchase-only,monthly,USA or Census Division,Pacific Division,DV_PAC,2019,342,316.91,312.7
traditional,purchase-only,monthly,USA or Census Division,Pacific Division,DV_PAC,2019,343,318.24,314.88
traditional,purchase-only,monthly,USA or Census Division,Pacific Division,DV_PAC,2019,344,318.4,315.73
traditional,purchase-only,monthly,USA or Census Division,Pacific Division,DV_PAC,2019,345,318.31,316.91
traditional,purchase-only,monthly,USA or Census Division,Pacific Division,DV_PAC,2019,346,319.02,318.77
traditional,purchase-only,monthly,USA or Census Division,Pacific Division,DV_PAC,2019,347,320.16,321.34
traditional,purchase-only,monthly,USA or Census Division,Pacific Division,DV_PAC,2019,348,320.17,323.29
traditional,purchase-only,monthly,USA or Census Division,Pacific Division,DV_PAC,2020,349,322.49,325.6
traditional,purchase-only,monthly,USA or Census Division,Pacific Division,DV_PAC,2020,350,326.6,327.12
traditional,purchase-only,monthly,USA or Census Division,Pacific Division,DV_PAC,2020,351,330.74,328.39
traditional,purchase-only,monthly,USA or Census Division,Pacific Division,DV_PAC,2020,352,333.21,328.75
traditional,purchase-only,monthly,USA or Census Division,Pacific Division,DV_PAC,2020,353,331.17,325.57
traditional,purchase-only,monthly,USA or Census Division,Pacific Division,DV_PAC,2020,354,335.67,330.84
traditional,purchase-only,monthly,USA or Census Division,Pacific Division,DV_PAC,2020,355,339.7,336.27
traditional,purchase-only,monthly,USA or Census Division,Pacific Division,DV_PAC,2020,356,344.27,341.44
traditional,purchase-only,monthly,USA or Census Division,Pacific Division,DV_PAC,2020,357,349.72,348.32
traditional,purchase-only,monthly,USA or Census Division,Pacific Division,DV_PAC,2020,358,354.12,354.05
traditional,purchase-only,monthly,USA or Census Division,Pacific Division,DV_PAC,2020,359,358.27,360.04
traditional,purchase-only,monthly,USA or Census Division,Pacific Division,DV_PAC,2020,360,360.38,364.49
traditional,purchase-only,monthly,USA or Census Division,Pacific Division,DV_PAC,2021,361,364.49,368.19
traditional,purchase-only,monthly,USA or Census Division,Pacific Division,DV_PAC,2021,362,373.49,374.18
traditional,purchase-only,monthly,USA or Census Division,Pacific Division,DV_PAC,2021,363,382.52,379.49
traditional,purchase-only,monthly,USA or Census Division,Pacific Division,DV_PAC,2021,364,392.2,386.28
traditional,purchase-only,monthly,USA or Census Division,Pacific Division,DV_PAC,2021,365,402.28,394.92
traditional,purchase-only,monthly,USA or Census Division,Pacific Division,DV_PAC,2021,366,407.71,401.29
traditional,purchase-only,monthly,USA or Census Division,Pacific Division,DV_PAC,2021,367,412.51,408.39
traditional,purchase-only,monthly,USA or Census Division,Pacific Division,DV_PAC,2021,368,416.43,413.15
traditional,purchase-only,monthly,USA or Census Division,Pacific Division,DV_PAC,2021,369,418.05,416.43
traditional,purchase-only,monthly,USA or Census Division,Pacific Division,DV_PAC,2021,370,423.29,423.49
traditional,purchase-only,monthly,USA or Census Division,Pacific Division,DV_PAC,2021,371,425.8,428.37
traditional,purchase-only,monthly,USA or Census Division,Pacific Division,DV_PAC,2021,372,430.26,435.79
traditional,purchase-only,monthly,USA or Census Division,Pacific Division,DV_PAC,2022,373,438.13,442.93
traditional,purchase-only,monthly,USA or Census Division,Pacific Division,DV_PAC,2022,374,446.26,447.31
traditional,purchase-only,monthly,USA or Census Division,Pacific Division,DV_PAC,2022,375,456.38,452.55
traditional,purchase-only,monthly,USA or Census Division,Pacific Division,DV_PAC,2022,376,463.18,455.56
traditional,purchase-only,monthly,USA or Census Division,Pacific Division,DV_PAC,2022,377,463.94,454.79
traditional,purchase-only,monthly,USA or Census Division,Pacific Division,DV_PAC,2022,378,460.4,452.46
traditional,purchase-only,monthly,USA or Census Division,Pacific Division,DV_PAC,2022,379,451.85,447.29
traditional,purchase-only,monthly,USA or Census Division,Pacific Division,DV_PAC,2022,380,447.73,444.15
traditional,purchase-only,monthly,USA or Census Division,Pacific Division,DV_PAC,2022,381,446.74,445.05
traditional,purchase-only,monthly,USA or Census Division,Pacific Division,DV_PAC,2022,382,442.4,442.88
traditional,purchase-only,monthly,USA or Census Division,Pacific Division,DV_PAC,2022,383,435.3,438.31
traditional,purchase-only,monthly,USA or Census Division,Pacific Division,DV_PAC,2022,384,432.35,438.4
traditional,purchase-only,monthly,USA or Census Division,Pacific Division,DV_PAC,2023,385,432.44,437.29
traditional,purchase-only,monthly,USA or Census Division,Pacific Division,DV_PAC,2023,386,436.52,437.68
traditional,purchase-only,monthly,USA or Census Division,Pacific Division,DV_PAC,2023,387,442.54,438.6
traditional,purchase-only,monthly,USA or Census Division,Pacific Division,DV_PAC,2023,388,447.68,439.7
traditional,purchase-only,monthly,USA or Census Division,Pacific Division,DV_PAC,2023,389,457.04,447.55
traditional,purchase-only,monthly,USA or Census Division,Pacific Division,DV_PAC,2023,390,459.02,450.71
traditional,purchase-only,monthly,USA or Census Division,Pacific Division,DV_PAC,2023,391,456.53,451.92
traditional,purchase-only,monthly,USA or Census Division,Pacific Division,DV_PAC,2023,392,459.72,456.06
traditional,purchase-only,monthly,USA or Census Division,Pacific Division,DV_PAC,2023,393,457.05,455.4
traditional,purchase-only,monthly,USA or Census Division,Pacific Division,DV_PAC,2023,394,457.38,458.01
traditional,purchase-only,monthly,USA or Census Division,Pacific Division,DV_PAC,2023,395,457.06,460.5
traditional,purchase-only,monthly,USA or Census Division,Pacific Division,DV_PAC,2023,396,454.5,461.07
traditional,purchase-only,monthly,USA or Census Division,Pacific Division,DV_PAC,2024,397,454.97,460.13
traditional,purchase-only,monthly,USA or Census Division,Pacific Division,DV_PAC,2024,398,467.76,469.12
traditional,purchase-only,monthly,USA or Census Division,Pacific Division,DV_PAC,2024,399,468.48,464.14
traditional,purchase-only,monthly,USA or Census Division,Pacific Division,DV_PAC,2024,400,474.37,465.58
traditional,purchase-only,monthly,USA or Census Division,Pacific Division,DV_PAC,2024,401,474.27,464.07